CREATE DATABASE ordenes;
USE ordenes;

CREATE TABLE pedido (
    pedido_clave varchar(10) not null,
    nombre varchar(30),
    cargoEntrega decimal(10,2),
    constraint pedidoPK primary key (pedido_clave),
    constraint cargoEntregaCK check (cargoEntrega >= 50 and cargoEntrega <= 100)
);

INSERT INTO pedido 
VALUES ('PED1','Toughjoyfax',51.94),
('PED2','Ronstring',92.88),
('PED3','Konklux',83.22),
('PED4','Rank',71.1),
('PED5','Vagram',95.57),
('PED6','Sonair',83.27),
('PED7','Flowdesk',69.96),
('PED8','Zontrax',76.97),
('PED9','Y-Solowarm',81.99),
('PED10','Cookley',96.79),
('PED11','Lotstring',60.46),
('PED12','Transcof',87.98),
('PED13','Matsoft',68.48),
('PED14','Matsoft',96.57),
('PED15','Zamit',89.92),
('PED16','Duobam',92.96),
('PED17','Konklab',51.89),
('PED18','Y-Solowarm',53.8),
('PED19','Home Ing',52.48),
('PED20','Home Ing',98.05),
('PED21','Domainer',52.92),
('PED22','Tin',80.87),
('PED23','Subin',66.38),
('PED24','Veribet',72.02),
('PED25','Sonsing',76.81),
('PED26','Regrant',56.38),
('PED27','Aerified',57.75),
('PED28','Keylex',61.05),
('PED29','Stronghold',95.1),
('PED30','Regrant',97.71),
('PED31','Konklab',61.66),
('PED32','Pannier',64.02),
('PED33','Lotstring',89.59),
('PED34','Alphazap',59.65),
('PED35','Kanlam',60.16),
('PED36','Trippledex',56.8),
('PED37','Prodder',88.23),
('PED38','Ventosanzap',61.38),
('PED39','Hatity',79.97),
('PED40','Tresom',78.49),
('PED41','Sonair',75.65),
('PED42','Andalax',58.5),
('PED43','Fixflex',97.07),
('PED44','Biodex',83.65),
('PED45','Regrant',78.7),
('PED46','Veribet',81.59),
('PED47','Konklux',74.33),
('PED48','Alphazap',60.61),
('PED49','Bitchip',61.69),
('PED50','Tres-Zap',55.86),
('PED51','Sonair',62.27),
('PED52','Vagram',91.07),
('PED53','Flowdesk',61.49),
('PED54','Overhold',99.99),
('PED55','Namfix',58.81),
('PED56','Transcof',69.95),
('PED57','Zoolab',56.89),
('PED58','Flexidy',92.42),
('PED59','Voyatouch',88.38),
('PED60','Prodder',73.6),
('PED61','Home Ing',97.13),
('PED62','Home Ing',79.14),
('PED63','Bamity',59.68),
('PED64','Flexidy',99.21),
('PED65','Vagram',83.43),
('PED66','Keylex',97.65),
('PED67','Temp',58.41),
('PED68','Kanlam',68.37),
('PED69','Greenlam',90.31),
('PED70','Zontrax',99.78),
('PED71','Wrapsafe',68.45),
('PED72','Lotlux',88.94),
('PED73','Otcom',95.32),
('PED74','Keylex',55.42),
('PED75','Temp',61.84),
('PED76','Domainer',52.5),
('PED77','Span',85.66),
('PED78','Hatity',74.73),
('PED79','Trippledex',55.71),
('PED80','Rank',85.7),
('PED81','Duobam',90.37),
('PED82','Prodder',89.48),
('PED83','Y-Solowarm',83.65),
('PED84','Ronstring',81.48),
('PED85','Zontrax',61.26),
('PED86','Voyatouch',65.7),
('PED87','Overhold',96.23),
('PED88','Tin',80.48),
('PED89','Zaam-Dox',55.78),
('PED90','Duobam',62.23),
('PED91','Fixflex',71.43),
('PED92','Sonair',89.32),
('PED93','Home Ing',88.42),
('PED94','Voltsillam',56.02),
('PED95','Tampflex',62.7),
('PED96','Ventosanzap',91.16),
('PED97','Y-find',68.54),
('PED98','Ventosanzap',59.13),
('PED99','Daltfresh',88.14),
('PED100','Zoolab',75.32)

CREATE TABLE cliente (
    numero int not null,
    nombre varchar(30),
    estado smallint,
    pedido_clave varchar(10),
    constraint clientePK primary key (numero),
    constraint clienteFK1 foreign key (pedido_clave) references pedido(pedido_clave)
);

INSERT INTO cliente 
VALUES (1,'Lesley Straneo',17,'PED70'),
(2,'Honoria Baldwin',18,'PED10'),
(3,'Waite Mewis',19,'PED16'),
(4,'Zacharia Kundt',10,'PED14'),
(5,'Adrian Clevely',19,'PED96'),
(6,'Sianna Masden',12,'PED45'),
(7,'Timofei Landreth',12,'PED96'),
(8,'Hedvige Dancer',11,'PED1'),
(9,'Daniel Orviss',19,'PED29'),
(10,'Collie Baitman',15,'PED2'),
(11,'Hana Espinos',10,'PED95'),
(12,'Anica Maving',17,'PED50'),
(13,'Baily Clamo',15,'PED17'),
(14,'Zorana Illston',14,'PED18'),
(15,'Ivie Stranieri',16,'PED50'),
(16,'Camilla Whorlton',18,'PED91'),
(17,'Hinda Sember',17,'PED55'),
(18,'Sabra Jestico',11,'PED42'),
(19,'Trenna Giraudat',20,'PED14'),
(20,'Cam Cuff',16,'PED9'),
(21,'Cullie Perse',18,'PED25'),
(22,'Gabbi Norcop',11,'PED31'),
(23,'Lorraine Jenson',20,'PED11'),
(24,'Margy Parsonage',15,'PED55'),
(25,'Derk Domleo',18,'PED45'),
(26,'Hewitt Fairest',14,'PED83'),
(27,'Jill Faich',17,'PED54'),
(28,'Melloney Toomer',12,'PED53'),
(29,'Tedie Towle',11,'PED63'),
(30,'Doralynn Pues',19,'PED38'),
(31,'Martha Reijmers',13,'PED40'),
(32,'Stu Vasentsov',17,'PED5'),
(33,'Clemmie Seller',15,'PED36'),
(34,'Frederick Hinkens',14,'PED39'),
(35,'Hazlett Arnaudon',10,'PED94'),
(36,'Northrop MacDiarmond',14,'PED37'),
(37,'Clayborn Legan',15,'PED66'),
(38,'Philippine Dash',12,'PED43'),
(39,'Moshe Akester',10,'PED57'),
(40,'Cindelyn De Souza',12,'PED45'),
(41,'Carole Tolchard',13,'PED87'),
(42,'Doy Castelletti',20,'PED47'),
(43,'Bastien Boutton',11,'PED29'),
(44,'Cheri Sante',13,'PED11'),
(45,'Mendy Millett',16,'PED44'),
(46,'Justino Lorait',17,'PED91'),
(47,'Edithe Lehmann',15,'PED82'),
(48,'Kerry Ferebee',10,'PED30'),
(49,'Wain Grisedale',10,'PED64'),
(50,'Nollie McKinley',11,'PED47'),
(51,'Case Sansbury',12,'PED77'),
(52,'Rube Hunston',11,'PED31'),
(53,'Garold Terron',12,'PED92'),
(54,'Zena Sowrah',16,'PED61'),
(55,'Jilleen Leatherborrow',16,'PED92'),
(56,'Erminia Tremollet',10,'PED90'),
(57,'Ree Dodsley',15,'PED36'),
(58,'Siobhan Aronson',17,'PED37'),
(59,'Hersh Tarpey',12,'PED9'),
(60,'Nancee Steed',11,'PED65'),
(61,'Vasily Panyer',10,'PED15'),
(62,'Barnebas Gommery',17,'PED55'),
(63,'Nada Valentin',16,'PED63'),
(64,'Lawry Husthwaite',12,'PED89'),
(65,'Odelia Redhouse',11,'PED96'),
(66,'Merla Tamplin',10,'PED36'),
(67,'Olive Frenzl',15,'PED89'),
(68,'Sheryl Mayte',12,'PED73'),
(69,'Amerigo Tourle',10,'PED41'),
(70,'Garner Bagnold',20,'PED60'),
(71,'Starlene Zanicchi',18,'PED89'),
(72,'Rakel Heams',11,'PED72'),
(73,'Deedee Mityashin',17,'PED65'),
(74,'Garvin Cisco',20,'PED51'),
(75,'Silvester Richichi',14,'PED99'),
(76,'Dorian Orlton',15,'PED87'),
(77,'Federico Chue',12,'PED91'),
(78,'Merrili Novello',18,'PED4'),
(79,'Courtenay Orwin',11,'PED11'),
(80,'Eachelle Dobrowolny',14,'PED88'),
(81,'Nedi Tendahl',19,'PED1'),
(82,'Ingamar Trelevan',18,'PED88'),
(83,'Derrick Gisburne',12,'PED48'),
(84,'Joanie Winterbottom',12,'PED1'),
(85,'Jelene McGroarty',13,'PED21'),
(86,'Madlin Henzley',16,'PED28'),
(87,'Kamilah Anthoine',10,'PED99'),
(88,'Clari Cowely',16,'PED2'),
(89,'Bree Clark',10,'PED23'),
(90,'Clovis Oakland',17,'PED70'),
(91,'Katya Malinowski',11,'PED90'),
(92,'Dougy Pizzey',19,'PED62'),
(93,'Dulcie Tawn',11,'PED49'),
(94,'Marika Rushforth',11,'PED13'),
(95,'Alvira Korpolak',14,'PED22'),
(96,'Phillis Fairlie',14,'PED8'),
(97,'Melony Matushevich',12,'PED70'),
(98,'Gauthier Defries',10,'PED92'),
(99,'Gustave Batstone',10,'PED77'),
(100,'Frieda Stannas',10,'PED69')


CREATE TABLE producto (
    numero int not null,
    nombre varchar(80),
    color varchar(10),
    precio decimal(10,2),
    constraint productoPK primary key (numero),
    constraint colorCK check (color in ('rosa','verde','azul','violeta','negro','blanco'))
);

INSERT INTO producto
VALUES (1,'Widefruit Sedge','verde',52.93),
(2,'Yampah','azul',30.84),
(3,'Tennessee Gladecress','violeta',83.64),
(4,'Stigmidium Lichen','negro',29.02),
(5,'Forsstroemia Moss','blanco',44.95),
(6,'Pecos River Skeletonplant','verde',43.63),
(7,'Lindheimers Ticktrefoil','azul',58.6),
(8,'Heterodraba','violeta',36.25),
(9,'American Ipecac','negro',98.91),
(10,'Moving Polemonium','blanco',26.51),
(11,'Carolina Sedge','verde',18.89),
(12,'Timopheevs Wheat','azul',71.96),
(13,'Serpentine Wood','violeta',10.99),
(14,'Boreal Sagebrush','negro',45.42),
(15,'Trematodon Moss','blanco',13.25),
(16,'Peppervine','verde',51.82),
(17,'Babybonnets','azul',92.26),
(18,'Maules Quince','violeta',90.76),
(19,'Redbird Flower','negro',35.53),
(20,'Star Tickseed','blanco',7.11),
(21,'Yavapai County Buckwheat','verde',54.07),
(22,'Felwort','azul',95.59),
(23,'Urceolate Conotrema Lichen','violeta',53.42),
(24,'Redbird Flower','negro',11.53),
(25,'Partridge Pea','blanco',70.04),
(26,'Shale Barren Pussytoes','verde',50.61),
(27,'False Clapdaisy','azul',18.97),
(28,'Torrey Maple','violeta',53.28),
(29,'Nephelium','negro',5.58),
(30,'Longflower Tube Tongue','blanco',51.46),
(31,'Orange Lichen','verde',19.76),
(32,'Dudleys Swordfern','azul',39.08),
(33,'Florida Cockspur Grass','violeta',25.01),
(34,'Spindleroot','negro',94.5),
(35,'Drooping Sedge','blanco',12.94),
(36,'Amur Rose','verde',28.74),
(37,'Parishs Catchfly','azul',32.6),
(38,'Bog Yellowcress','violeta',18.75),
(39,'Polianthes','negro',96.65),
(40,'Labordia','blanco',87.37),
(41,'Compact Scloiciosporum Lichen','verde',75.05),
(42,'Scaly Blazing Star','azul',5.95),
(43,'Scribners Grass','violeta',49.8),
(44,'Spruce Muskeg Sedge','negro',76.42),
(45,'Bosnian Pine','blanco',84.46),
(46,'Catclaw Mimosa','verde',95.5),
(47,'Depressed Ipomopsis','azul',58.36),
(48,'Yellow Mandarin','violeta',62.37),
(49,'Commersons Nightshade','negro',34.97),
(50,'Desert Stingbush','blanco',44.7)


CREATE TABLE orden (
    cliente_numero int not null,
    producto_numero int not null,
    cantidad smallint,
    constraint ordenPK primary key (cliente_numero, producto_numero),
    constraint ordenFK1 foreign key (cliente_numero) references cliente(numero),
    constraint ordenFK2 foreign key (producto_numero) references producto(numero),
    constraint cantidadCK check (cantidad > 0)
);

INSERT INTO orden 
VALUES 
(46, 44, 15),
(21, 40, 25),
(57, 5, 23),
(20, 41, 3),
(95, 40, 18),
(67, 26, 25),
(19, 34, 11),
(26, 5, 20),
(24, 2, 9),
(63, 47, 8),
(95, 2, 15),
(64, 13, 18),
(38, 6, 18),
(90, 9, 8),
(39, 10, 22),
(23, 35, 24),
(23, 3, 14),
(49, 8, 12),
(46, 36, 8),
(82, 24, 5),
(95, 14, 19),
(63, 35, 10),
(54, 24, 11),
(83, 5, 17),
(31, 33, 9),
(67, 37, 18),
(26, 46, 15),
(90, 33, 9),
(56, 35, 4),
(28, 15, 6),
(61, 8, 21),
(2, 13, 17),
(68, 24, 22),
(40, 37, 4),
(41, 18, 4),
(45, 41, 22),
(79, 41, 7),
(58, 16, 7),
(52, 33, 13),
(18, 37, 24),
(47, 8, 21),
(33, 17, 15),
(92, 49, 4),
(98, 4, 16),
(59, 46, 15),
(18, 44, 7),
(67, 30, 23),
(19, 1, 23),
(60, 10, 3),
(55, 18, 9),
(35, 35, 22),
(24, 41, 22),
(36, 45, 13),
(5, 47, 6),
(75, 8, 24),
(87, 49, 17),
(96, 19, 9),
(83, 37, 1),
(61, 48, 1),
(85, 6, 23),
(12, 46, 16),
(73, 48, 15),
(84, 49, 21),
(62, 17, 17),
(96, 34, 24),
(53, 40, 15),
(18, 30, 13),
(29, 22, 22),
(49, 48, 18),
(35, 47, 6),
(74, 44, 25),
(35, 17, 5),
(72, 10, 21),
(77, 28, 12),
(58, 43, 20),
(97, 49, 7),
(47, 28, 22),
(89, 39, 14),
(59, 28, 25),
(54, 18, 9),
(92, 33, 8),
(2, 7, 11),
(36, 8, 7),
(89, 46, 19),
(94, 28, 18),
(26, 12, 19),
(24, 14, 12),
(65, 37, 15),
(47, 15, 11),
(66, 34, 25),
(47, 4, 22),
(48, 30, 9),
(60, 17, 13),
(43, 34, 13),
(51, 10, 24),
(88, 36, 7),
(21, 16, 16),
(53, 46, 23),
(8, 39, 12),
(2, 32, 15);




CREATE TABLE cuenta ( numero smallint not null,
                      saldo decimal(10,2),
                      cliente_numero int not null,
                      constraint cuentaPK primary key (numero),
                      constraint cuentaFK1 foreign key (cliente_numero) references cliente (numero),
                      constraint cuentaCK1 check (saldo >= 0));

INSERT INTO cuenta
VALUES (4948,255227.29,44),
(8122,863663.72,34),
(4608,107031.32,59),
(9703,282896.61,26),
(9431,717510.69,1),
(9456,747655.89,34),
(7170,808479.99,13),
(9379,115788.18,78),
(4947,354448.7,71),
(2727,469820.88,27),
(8535,425466.5,46),
(4718,789295.12,11),
(4681,756913.13,82),
(9344,512196.39,42),
(9414,61648.44,52),
(5026,862163.34,48),
(6830,996964,97),
(3013,121454.48,79),
(3271,65676.64,81),
(1843,766372.03,14),
(8673,137358.7,75),
(6259,126962.93,90),
(1757,930924.35,26),
(4252,948830.36,41),
(9764,470841.95,58),
(1836,839739.51,58),
(8642,475325.53,42),
(6480,937526.28,50),
(4559,239935.85,19),
(3150,655947,92),
(8670,668622.54,100),
(8762,881214.92,30),
(2484,304404.12,68),
(5150,54394.63,25),
(8530,740612.35,98),
(5290,566985.48,80),
(6573,202657.48,31),
(2369,163892.02,42),
(2581,127127.68,13),
(6798,759441.78,84),
(9874,843216.64,14),
(1386,542507.82,21),
(3048,440699.03,57),
(3708,971015.58,16),
(4135,733290.32,19),
(9693,305455.4,61),
(2390,342123.01,85),
(4409,490392.59,47),
(6910,174627.26,80),
(6196,491338.4,54),
(7709,113018.26,88),
(5962,419068.17,27),
(3963,785767.3,11),
(3889,762522.04,35),
(7494,459941.31,88),
(3850,18453.55,77),
(1893,375866.46,72),
(3243,607915.64,33),
(3574,696606.23,31),
(4413,480178.24,25),
(5186,225298,70),
(7495,75853.63,99),
(8443,555033.41,63),
(3629,993747.02,61),
(1311,1984.84,24),
(4121,906564.13,3),
(3633,82334.68,70),
(4415,895977.24,36),
(7539,373565.28,50),
(2665,255976.29,58),
(4106,850745.97,98),
(7810,3516.83,65),
(2575,136944.45,39),
(8789,924796,37),
(2567,938032.28,58),
(4882,198991.43,42),
(3607,350742.85,11),
(4877,508616.83,74),
(7138,386216.43,5),
(1116,14189.07,33),
(4160,291660.57,34),
(5525,525629.36,71),
(2609,889513.37,36),
(1591,561525.44,31),
(3323,53487.51,63),
(9116,247873.6,40),
(4935,947266.15,19),
(5093,411303.27,70),
(4628,831990.61,73),
(7150,398041.83,70),
(8705,631595.4,94),
(1502,796769.52,3),
(4748,238656.82,49),
(8019,333287.92,71),
(3369,956475.93,29),
(6281,798564,13),
(5994,505405.72,37),
(4450,257578.96,24)


CREATE TABLE tipo_movimiento ( tipo varchar(1) not null,
                               descripcion varchar(20),
                               constraint tipoMvtoPK primary key (tipo));

INSERT INTO tipo_movimiento
VALUES 
('A','sin problemas'),
('B','problemas de gestion'),
('C',''),
('D','sin quejas')



CREATE TABLE movimiento ( cuenta_numero smallint not null,
                          numero smallint not null,
                          importe decimal(10,2),
                          tipo_movimiento varchar(1),
                          constraint movimientoPK primary key (cuenta_numero,numero),
                          constraint movimientoFK1 foreign key (cuenta_numero) references cuenta(numero),
                          constraint movimientoFK2 foreign key (tipo_movimiento) references tipo_movimiento(tipo),
                          constraint movimientoCK1 check (importe > 0));
								
INSERT INTO movimiento
VALUES (4948,1,979,'D'),
(8122,2,9844,'A'),
(4608,3,5213,'A'),
(9703,4,9808,'A'),
(9431,5,150,'A'),
(9456,6,633,'B'),
(7170,7,2049,'C'),
(9379,8,8486,'B'),
(4947,9,3722,'B'),
(2727,10,6528,'B'),
(8535,11,1061,'C'),
(4718,12,4557,'D'),
(4681,13,1981,'C'),
(9344,14,8540,'D'),
(9414,15,1019,'A'),
(5026,16,5380,'B'),
(6830,17,4984,'B'),
(3013,18,6069,'B'),
(3271,19,8846,'D'),
(1843,20,6488,'A'),
(8673,21,6738,'D'),
(6259,22,6910,'A'),
(1757,23,679,'D'),
(4252,24,3370,'B'),
(9764,25,2943,'B'),
(1836,26,5071,'D'),
(8642,27,2978,'C'),
(6480,28,6297,'B'),
(4559,29,78,'B'),
(5186,30,1488,'D'),
(3150,31,7944,'B'),
(8670,32,2831,'A'),
(8762,33,3632,'B'),
(2484,34,10000,'B'),
(5150,35,4871,'D'),
(8530,36,9442,'A'),
(5290,37,6280,'C'),
(6573,38,331,'B'),
(2369,39,8054,'A'),
(2581,40,2824,'B')




